id,first_name,last_name,email,gender,ip_address
1,Sergent,Rouge,srouge0@twitpic.com,Male,112.104.141.5
2,Caren,Birtwhistle,cbirtwhistle1@java.com,Female,184.101.252.149
3,Rosemaria,Edwicke,redwicke2@harvard.edu,Female,84.178.196.163
4,Kerri,Lardge,klardge3@cbslocal.com,Bigender,226.185.131.24
5,Zackariah,Ivie,zivie4@webmd.com,Male,111.131.62.62
6,Frants,Standish-Brooks,fstandishbrooks5@cnet.com,Male,181.73.137.233
7,Willow,Hearsum,whearsum6@sina.com.cn,Female,247.8.157.103
8,Claire,Raulston,craulston7@sina.com.cn,Male,50.230.105.232
9,Jsandye,Shama,jshama8@dropbox.com,Female,68.81.110.237
10,Axel,Geane,ageane9@imageshack.us,Bigender,238.23.144.170
11,Evered,Emanuelli,eemanuellia@alexa.com,Male,131.28.242.97
12,Clarance,Shrubb,cshrubbb@deviantart.com,Male,82.115.111.90
13,Tremain,Giffaut,tgiffautc@etsy.com,Male,40.16.92.35
14,Tam,Lofty,tloftyd@columbia.edu,Male,97.11.127.120
15,Sarah,Grigoriscu,sgrigoriscue@tuttocitta.it,Female,71.54.76.240
16,Constantina,Ivatts,civattsf@51.la,Female,44.224.96.127
17,Woody,Tovey,wtoveyg@goodreads.com,Male,119.70.81.175
18,Bernardine,Gresham,bgreshamh@phpbb.com,Female,97.145.134.79
19,Nelie,Pedro,npedroi@addthis.com,Female,181.236.102.78
20,Reese,Keme,rkemej@seattletimes.com,Male,47.112.206.7
21,Cristi,Gerardi,cgerardik@kickstarter.com,Female,190.64.231.239
22,Skelly,Beckley,sbeckleyl@angelfire.com,Male,130.2.208.105
23,Henrieta,Dudderidge,hdudderidgem@wikipedia.org,Female,31.2.92.188
24,Malvin,Coots,mcootsn@dion.ne.jp,Male,89.199.231.106
25,Perceval,Thickens,pthickenso@webs.com,Male,16.10.207.94
26,Ahmad,McInility,amcinilityp@bravesites.com,Male,246.240.177.34
27,Ryley,Flippelli,rflippelliq@sakura.ne.jp,Polygender,56.130.21.204
28,Cecily,MacFarlan,cmacfarlanr@go.com,Female,110.176.197.94
29,Ernaline,Albrooke,ealbrookes@cmu.edu,Female,157.85.200.40
30,Stephi,Trusty,strustyt@wikispaces.com,Female,59.100.224.170
31,Nico,Vickerstaff,nvickerstaffu@forbes.com,Male,97.219.183.81
32,Gillian,Capelin,gcapelinv@tuttocitta.it,Female,225.153.75.190
33,Ax,Gurnell,agurnellw@vimeo.com,Male,182.161.211.242
34,Langsdon,Bahlmann,lbahlmannx@yellowpages.com,Bigender,128.89.46.3
35,Yovonnda,Gatchell,ygatchelly@live.com,Female,198.191.90.190
36,Conway,Szymon,cszymonz@simplemachines.org,Male,109.52.17.201
37,Gale,Tythe,gtythe10@jugem.jp,Female,197.131.102.167
38,Sheila,Ygoe,sygoe11@europa.eu,Female,109.230.204.65
39,Beret,Haswall,bhaswall12@webmd.com,Genderqueer,67.255.17.20
40,Elset,Robertsson,erobertsson13@phpbb.com,Female,155.98.92.175
41,Ailina,Pashe,apashe14@statcounter.com,Genderfluid,152.130.52.114
42,Wilt,Joannidi,wjoannidi15@springer.com,Male,62.253.51.127
43,William,Suatt,wsuatt16@sohu.com,Male,24.221.101.147
44,Saxe,Thompsett,sthompsett17@adobe.com,Male,255.116.133.61
45,Alistair,Shrimptone,ashrimptone18@google.com.au,Male,159.115.206.118
46,Lois,Bothen,lbothen19@buzzfeed.com,Female,36.216.238.147
47,Poul,Shorthill,pshorthill1a@miitbeian.gov.cn,Male,70.47.13.140
48,Marlane,Elgood,melgood1b@sphinn.com,Female,225.138.156.212
49,Christi,Stollsteimer,cstollsteimer1c@state.tx.us,Female,184.158.197.26
50,Molly,Massinger,mmassinger1d@yahoo.com,Bigender,7.30.30.87
51,Maddalena,Luby,mluby1e@themeforest.net,Female,202.193.177.71
52,Garfield,Littlejohn,glittlejohn1f@chron.com,Male,49.202.12.247
53,Victor,Rentoll,vrentoll1g@pagesperso-orange.fr,Male,55.125.205.94
54,Brok,Bohlens,bbohlens1h@tinypic.com,Male,200.117.113.180
55,Malynda,Swaite,mswaite1i@discuz.net,Female,77.215.46.57
56,Annmarie,Imlach,aimlach1j@google.nl,Female,233.179.35.1
57,Isak,Monday,imonday1k@aboutads.info,Male,69.111.159.90
58,Calla,Rault,crault1l@upenn.edu,Female,206.21.80.58
59,Tressa,Plume,tplume1m@columbia.edu,Female,134.114.141.220
60,Kakalina,Charette,kcharette1n@usa.gov,Female,205.201.38.240
61,Nathaniel,Waddup,nwaddup1o@miibeian.gov.cn,Male,22.227.167.74
62,Marcie,Sanchis,msanchis1p@symantec.com,Female,253.217.122.191
63,Gerry,Lanfare,glanfare1q@google.es,Female,70.124.23.140
64,Dotti,Meddows,dmeddows1r@drupal.org,Non-binary,24.184.219.144
65,Pablo,Agge,pagge1s@timesonline.co.uk,Male,136.164.107.23
66,Fairleigh,Harrow,fharrow1t@marriott.com,Male,63.192.248.198
67,Claudianus,Skirven,cskirven1u@umich.edu,Male,50.130.162.65
68,Claudie,Aleksandrikin,caleksandrikin1v@tripadvisor.com,Female,21.93.214.21
69,Wilburt,Woolvin,wwoolvin1w@house.gov,Male,192.64.45.36
70,Kristo,Crickmer,kcrickmer1x@yahoo.com,Male,79.82.88.37
71,Dani,Struthers,dstruthers1y@posterous.com,Male,156.60.135.174
72,Fraze,Tussaine,ftussaine1z@mac.com,Non-binary,23.133.54.116
73,Robbin,Brocklehurst,rbrocklehurst20@storify.com,Female,130.190.222.0
74,Lonnie,MacVay,lmacvay21@tuttocitta.it,Male,135.128.51.77
75,Gabbie,Borley,gborley22@cyberchimps.com,Female,160.143.151.99
76,Leo,McGahern,lmcgahern23@trellian.com,Male,225.158.187.139
77,Inez,Gabriely,igabriely24@sciencedirect.com,Female,81.243.175.71
78,Ali,Dozdill,adozdill25@friendfeed.com,Male,72.67.153.189
79,Lianna,Chainey,lchainey26@deviantart.com,Female,32.134.136.226
80,Antoine,Thredder,athredder27@techcrunch.com,Male,216.118.145.70
81,Jeramey,Norkett,jnorkett28@yellowpages.com,Polygender,233.210.97.203
82,Ellette,Fishburn,efishburn29@soundcloud.com,Female,166.126.198.47
83,Jakie,Tures,jtures2a@addtoany.com,Male,27.201.207.26
84,Lucille,Townrow,ltownrow2b@cnet.com,Female,109.59.43.168
85,Kennan,Casillis,kcasillis2c@scientificamerican.com,Male,162.241.127.116
86,Dido,Trewhela,dtrewhela2d@nationalgeographic.com,Female,203.64.40.5
87,Elisabetta,Alfuso,ealfuso2e@jugem.jp,Female,87.86.150.6
88,Jeffy,Harnott,jharnott2f@e-recht24.de,Male,223.17.204.139
89,Hanan,Crallan,hcrallan2g@acquirethisname.com,Male,194.36.15.21
90,Rolfe,Stuck,rstuck2h@usatoday.com,Male,220.128.93.25
91,Harrietta,Hambelton,hhambelton2i@diigo.com,Non-binary,210.219.29.199
92,Nikolaus,Lecount,nlecount2j@t-online.de,Male,47.7.106.226
93,Benji,Tavernor,btavernor2k@ebay.co.uk,Male,217.250.35.45
94,Kessia,Breadmore,kbreadmore2l@mit.edu,Female,235.91.240.125
95,Ignazio,Tomini,itomini2m@behance.net,Male,244.70.92.156
96,Arnold,Ord,aord2n@canalblog.com,Male,192.129.175.104
97,Marijo,Escalero,mescalero2o@oaic.gov.au,Female,75.98.189.24
98,Gabriele,Richardin,grichardin2p@ovh.net,Bigender,11.3.142.107
99,Margery,Rogerot,mrogerot2q@hexun.com,Female,100.87.153.254
100,Edwin,Garm,egarm2r@cdbaby.com,Male,151.238.173.20
101,Donnie,Megahey,dmegahey2s@eventbrite.com,Male,185.135.141.40
102,Elliot,Mindenhall,emindenhall2t@yellowpages.com,Male,127.142.93.195
103,Fleming,Crickmore,fcrickmore2u@php.net,Male,36.225.166.151
104,Mendy,Radke,mradke2v@dion.ne.jp,Male,57.162.38.176
105,Garv,Jerdon,gjerdon2w@earthlink.net,Male,69.149.29.73
106,Francisca,Stitch,fstitch2x@cafepress.com,Female,110.91.221.85
107,Merrili,Juniper,mjuniper2y@tinypic.com,Female,201.0.187.74
108,Margarete,Toghill,mtoghill2z@hubpages.com,Female,4.227.150.133
109,Derek,Michael,dmichael30@narod.ru,Polygender,60.29.183.123
110,Valle,Newbold,vnewbold31@chicagotribune.com,Male,132.204.62.219
111,Reagan,Benion,rbenion32@adobe.com,Male,233.223.26.116
112,Eada,Conisbee,econisbee33@wikipedia.org,Female,70.242.60.68
113,Theodosia,Tuffey,ttuffey34@nature.com,Female,99.4.236.0
114,Bria,Rossant,brossant35@etsy.com,Female,27.93.223.116
115,Derron,Lethbrig,dlethbrig36@rakuten.co.jp,Male,56.126.195.150
116,Crawford,Ruby,cruby37@mapquest.com,Male,2.31.240.177
117,Sigvard,Harrema,sharrema38@earthlink.net,Male,92.132.55.160
118,Sid,Keegan,skeegan39@yolasite.com,Male,52.81.62.6
119,Hodge,Forsdike,hforsdike3a@cbc.ca,Genderqueer,81.127.104.212
120,Loy,Bewlay,lbewlay3b@freewebs.com,Male,183.136.169.186
121,Saundra,Dowglass,sdowglass3c@goo.ne.jp,Female,35.167.240.149
122,Bradan,Duffit,bduffit3d@360.cn,Male,118.253.7.146
123,Silas,Leyton,sleyton3e@whitehouse.gov,Male,1.43.92.205
124,Annabela,Grzeszczak,agrzeszczak3f@hc360.com,Female,32.228.184.94
125,Shanan,Poat,spoat3g@ow.ly,Male,33.199.126.178
126,Trenton,Clemot,tclemot3h@ca.gov,Male,18.232.50.108
127,Minor,Romao,mromao3i@kickstarter.com,Male,160.39.41.10
128,Dyan,Roote,droote3j@gnu.org,Female,235.74.81.106
129,Gerome,Emmanueli,gemmanueli3k@cocolog-nifty.com,Male,30.154.224.22
130,Stacee,Jewess,sjewess3l@sun.com,Female,60.230.238.217
131,Jayme,Morby,jmorby3m@uiuc.edu,Male,180.37.236.199
132,Piotr,Duester,pduester3n@nifty.com,Male,150.94.214.228
133,Millisent,Harlett,mharlett3o@bbc.co.uk,Female,78.152.160.37
134,Bendick,Van Arsdalen,bvanarsdalen3p@chron.com,Male,247.240.233.12
135,Stefanie,Melsome,smelsome3q@printfriendly.com,Female,0.30.65.189
136,Mickey,Dovey,mdovey3r@cbsnews.com,Male,120.235.67.155
137,Dorothea,Penddreth,dpenddreth3s@homestead.com,Female,27.29.210.182
138,Sholom,Fish,sfish3t@usda.gov,Male,59.207.63.55
139,Emmey,Pannaman,epannaman3u@squarespace.com,Female,126.45.89.190
140,Abbie,Priest,apriest3v@webeden.co.uk,Female,4.229.185.7
141,Emmalyn,Dummett,edummett3w@npr.org,Polygender,24.82.85.102
142,Marji,Halgarth,mhalgarth3x@businessinsider.com,Bigender,5.230.71.180
143,Park,Tissiman,ptissiman3y@dyndns.org,Bigender,107.43.118.200
144,Winnie,Lawley,wlawley3z@aboutads.info,Male,45.207.30.236
145,Goddart,Gaydon,ggaydon40@mediafire.com,Male,44.89.178.194
146,Truda,Stede,tstede41@jimdo.com,Female,7.184.69.184
147,Kaile,Slack,kslack42@wp.com,Female,139.221.201.52
148,Sosanna,Tubble,stubble43@newsvine.com,Female,225.11.139.34
149,Niccolo,Dan,ndan44@auda.org.au,Male,136.168.21.153
150,Fidelio,Marshall,fmarshall45@edublogs.org,Male,179.147.78.166
151,Mack,Overland,moverland46@discuz.net,Male,128.232.254.155
152,Lurleen,Adolf,ladolf47@reverbnation.com,Female,158.215.22.105
153,Lucas,Pfeifer,lpfeifer48@theglobeandmail.com,Male,107.220.102.217
154,Tommi,McDuff,tmcduff49@reddit.com,Genderqueer,189.208.78.128
155,Heall,Nairne,hnairne4a@storify.com,Male,208.225.6.242
156,Lacy,Morrish,lmorrish4b@patch.com,Female,194.150.11.25
157,Madelyn,Bohling,mbohling4c@baidu.com,Female,34.126.190.7
158,Sawyere,Allberry,sallberry4d@walmart.com,Male,21.169.201.149
159,Otis,Scantleberry,oscantleberry4e@drupal.org,Male,80.113.49.14
160,Justus,Ferriman,jferriman4f@blog.com,Male,241.179.223.117
161,Hurleigh,Kennelly,hkennelly4g@seesaa.net,Male,82.99.147.115
162,Cathy,Shevell,cshevell4h@wsj.com,Female,202.10.237.7
163,Jodie,Quiddington,jquiddington4i@indiatimes.com,Male,19.181.228.85
164,Hewet,Toxell,htoxell4j@toplist.cz,Male,197.79.247.119
165,Marisa,Wraxall,mwraxall4k@prnewswire.com,Female,11.114.166.52
166,Philbert,Donnett,pdonnett4l@opensource.org,Male,165.114.94.130
167,Crysta,McCallion,cmccallion4m@imgur.com,Female,20.198.55.240
168,Felic,Schwandt,fschwandt4n@umich.edu,Male,251.89.9.252
169,Rakel,Orme,rorme4o@mac.com,Female,89.129.184.121
170,Dare,Altimas,daltimas4p@flavors.me,Male,184.60.208.131
171,Rollins,Maughan,rmaughan4q@nps.gov,Genderqueer,179.171.49.180
172,Renee,Cavilla,rcavilla4r@bbc.co.uk,Female,231.52.134.175
173,Georgianne,Jaycox,gjaycox4s@dailymotion.com,Non-binary,236.202.179.86
174,Loni,Buffery,lbuffery4t@alexa.com,Female,139.79.115.96
175,Donalt,Greggs,dgreggs4u@netscape.com,Male,184.241.208.238
176,Consalve,Bowich,cbowich4v@google.cn,Male,123.92.168.127
177,Cornelius,Zielinski,czielinski4w@cbslocal.com,Male,6.250.77.136
178,Issy,Froud,ifroud4x@discuz.net,Female,114.19.194.55
179,Sibbie,Hillitt,shillitt4y@statcounter.com,Female,35.53.171.209
180,Kata,Rickasse,krickasse4z@salon.com,Female,175.120.78.57
181,Lani,Brownbill,lbrownbill50@imdb.com,Female,1.68.142.54
182,Brennen,Salters,bsalters51@alexa.com,Male,84.133.242.84
183,Ardelia,Coddrington,acoddrington52@sina.com.cn,Female,219.50.187.84
184,Benji,Stratley,bstratley53@army.mil,Male,117.3.249.153
185,Hi,Cant,hcant54@nytimes.com,Male,164.207.169.27
186,Yehudit,Shieldon,yshieldon55@sakura.ne.jp,Male,38.239.43.182
187,Cosme,Paulat,cpaulat56@redcross.org,Male,242.135.175.2
188,Eve,Bruggen,ebruggen57@ucoz.com,Female,97.143.139.90
189,Brittney,Riddington,briddington58@marketwatch.com,Genderqueer,156.131.153.163
190,Abel,Gale,agale59@cloudflare.com,Non-binary,140.74.8.144
191,Clark,Merrywether,cmerrywether5a@google.de,Male,159.69.47.198
192,Michel,Lebel,mlebel5b@google.com.au,Female,140.96.245.239
193,Sonya,Farn,sfarn5c@boston.com,Female,52.4.237.223
194,Howard,Tayler,htayler5d@altervista.org,Male,219.63.70.232
195,Katuscha,Staning,kstaning5e@google.com.au,Female,30.120.151.100
196,Peria,Jedryka,pjedryka5f@yale.edu,Female,126.188.136.139
197,Almeria,Bothbie,abothbie5g@miitbeian.gov.cn,Female,223.147.141.177
198,Teddie,de Merida,tdemerida5h@illinois.edu,Female,123.178.128.239
199,Wiley,Shearston,wshearston5i@gizmodo.com,Bigender,42.9.103.189
200,Walsh,Dreus,wdreus5j@sbwire.com,Male,244.234.58.214
201,Margaretha,Mor,mmor5k@utexas.edu,Female,4.57.29.62
202,Regen,Cossans,rcossans5l@ocn.ne.jp,Male,82.172.161.147
203,Kaylil,Allain,kallain5m@xinhuanet.com,Female,237.28.81.200
204,Giacobo,Lowfill,glowfill5n@netvibes.com,Male,241.233.14.202
205,Chrissie,Bradlaugh,cbradlaugh5o@bbc.co.uk,Female,158.78.153.63
206,Frank,Boullen,fboullen5p@spiegel.de,Female,163.65.17.117
207,Rebe,Jouhning,rjouhning5q@artisteer.com,Female,144.196.160.244
208,Dollie,Darlison,ddarlison5r@squidoo.com,Female,219.17.183.232
209,Cristian,Napleton,cnapleton5s@imageshack.us,Male,113.17.91.69
210,Veda,Mallall,vmallall5t@hhs.gov,Female,72.204.115.91
211,Erda,Powe,epowe5u@arstechnica.com,Female,118.156.202.84
212,Ebenezer,Reaney,ereaney5v@godaddy.com,Male,126.219.15.198
213,Stuart,Cashin,scashin5w@biglobe.ne.jp,Male,50.17.128.117
214,Nadean,Laughlan,nlaughlan5x@army.mil,Female,58.5.162.183
215,Carolus,MacGorman,cmacgorman5y@mozilla.org,Male,125.79.32.39
216,Gaylord,Quibell,gquibell5z@forbes.com,Polygender,197.172.179.235
217,Fredra,Normanvill,fnormanvill60@ucoz.ru,Female,95.192.39.93
218,Brice,Sloley,bsloley61@nsw.gov.au,Male,183.128.222.6
219,Virge,Pettegree,vpettegree62@oracle.com,Male,217.232.172.146
220,Sofie,Alastair,salastair63@stanford.edu,Female,96.248.56.207
221,Delly,Brassington,dbrassington64@sciencedirect.com,Female,49.49.223.212
222,Richardo,Faires,rfaires65@liveinternet.ru,Male,71.166.78.111
223,Luigi,Dudbridge,ldudbridge66@dropbox.com,Male,228.139.228.52
224,Anthe,Cluer,acluer67@posterous.com,Female,135.85.241.130
225,Miner,Beardsdale,mbeardsdale68@free.fr,Male,252.131.161.245
226,Mariana,Hains,mhains69@sourceforge.net,Female,150.21.186.122
227,Norrie,Wigginton,nwigginton6a@craigslist.org,Female,95.255.34.154
228,Karlotta,Notton,knotton6b@surveymonkey.com,Female,238.13.221.193
229,Obadiah,Jendrassik,ojendrassik6c@etsy.com,Male,241.61.216.6
230,Adorne,Shilstone,ashilstone6d@house.gov,Female,129.202.233.136
231,Darryl,Cattemull,dcattemull6e@plala.or.jp,Male,88.157.78.101
232,Benedict,Saintpierre,bsaintpierre6f@phpbb.com,Male,86.241.161.184
233,Pearce,Benet,pbenet6g@tinyurl.com,Male,127.38.95.187
234,Brook,Scutchings,bscutchings6h@economist.com,Genderqueer,49.144.157.47
235,Derek,Jeffcock,djeffcock6i@wikia.com,Male,229.245.125.144
236,Hephzibah,Latty,hlatty6j@businessinsider.com,Agender,229.16.24.208
237,Stacy,Ruggles,sruggles6k@linkedin.com,Male,182.219.199.182
238,Raphaela,Quimby,rquimby6l@is.gd,Female,2.251.245.172
239,Kristos,Ashford,kashford6m@angelfire.com,Male,127.106.75.166
240,Eilis,Paulig,epaulig6n@twitpic.com,Female,229.132.135.49
241,Krishnah,Maryan,kmaryan6o@cpanel.net,Male,69.13.68.100
242,Arlen,Toon,atoon6p@mac.com,Male,207.32.1.70
243,Barry,Colwell,bcolwell6q@ucoz.ru,Female,24.214.14.158
244,Balduin,Whitham,bwhitham6r@istockphoto.com,Male,30.234.169.190
245,Skip,Mico,smico6s@goo.gl,Bigender,5.103.217.96
246,Ashlee,Haselup,ahaselup6t@xinhuanet.com,Female,85.184.153.225
247,Eben,Quant,equant6u@rediff.com,Male,220.45.138.208
248,Fara,Stoakley,fstoakley6v@statcounter.com,Female,221.225.109.161
249,Edyth,Gatty,egatty6w@nytimes.com,Polygender,118.170.39.193
250,Eva,Bolton,ebolton6x@devhub.com,Female,72.219.50.204
251,Alika,Delmonti,adelmonti6y@google.com.hk,Female,142.17.22.80
252,Dwain,Gilbride,dgilbride6z@i2i.jp,Male,4.93.13.145
253,Silvano,Arons,sarons70@ebay.com,Male,38.252.41.60
254,Jodie,Tixier,jtixier71@naver.com,Male,26.246.114.222
255,Corabella,Jobe,cjobe72@sogou.com,Female,116.178.129.18
256,Carline,Annakin,cannakin73@apache.org,Female,157.22.175.209
257,Vin,Munkley,vmunkley74@parallels.com,Genderfluid,104.86.49.208
258,Madalyn,Rickeard,mrickeard75@nbcnews.com,Female,221.187.162.120
259,Samuele,Seabrook,sseabrook76@prnewswire.com,Male,68.188.49.70
260,Loretta,Treverton,ltreverton77@skype.com,Female,225.83.126.12
261,Niccolo,Dran,ndran78@sfgate.com,Male,131.158.179.208
262,Myrtle,Klimentyev,mklimentyev79@barnesandnoble.com,Female,69.212.68.149
263,Roch,Kellett,rkellett7a@privacy.gov.au,Female,175.80.220.96
264,Sada,Chattock,schattock7b@com.com,Female,67.123.64.2
265,Scott,Chark,schark7c@delicious.com,Male,39.19.42.179
266,Esther,Lycett,elycett7d@rakuten.co.jp,Female,152.95.17.86
267,Bev,Rubbens,brubbens7e@soundcloud.com,Genderqueer,198.149.238.95
268,Boris,Paulin,bpaulin7f@globo.com,Male,187.40.180.179
269,Carlin,Dowry,cdowry7g@plala.or.jp,Female,11.113.175.169
270,Annissa,Keyho,akeyho7h@epa.gov,Female,133.158.121.252
271,Fay,Eggar,feggar7i@friendfeed.com,Female,77.146.243.136
272,Lindy,Hamsher,lhamsher7j@yale.edu,Female,21.119.28.161
273,Felicity,Kocher,fkocher7k@mit.edu,Female,182.112.42.14
274,Hazlett,Gother,hgother7l@mashable.com,Male,79.150.187.70
275,Siffre,O'Connell,soconnell7m@google.cn,Male,189.136.245.228
276,Kakalina,Gaunt,kgaunt7n@jalbum.net,Female,248.34.132.92
277,Isac,Stanbrooke,istanbrooke7o@pcworld.com,Genderqueer,73.240.55.61
278,Mabel,Dowles,mdowles7p@goodreads.com,Female,75.203.76.151
279,Skye,MacLaren,smaclaren7q@gravatar.com,Genderqueer,165.195.219.50
280,Burnard,Branthwaite,bbranthwaite7r@shop-pro.jp,Male,197.160.93.192
281,Renee,Scarasbrick,rscarasbrick7s@toplist.cz,Female,144.187.9.254
282,Joycelin,Carcas,jcarcas7t@taobao.com,Female,167.6.184.170
283,Bentley,Kulas,bkulas7u@tuttocitta.it,Male,231.194.69.132
284,Roddie,O'Kynsillaghe,rokynsillaghe7v@berkeley.edu,Male,104.175.77.159
285,Erick,Paddie,epaddie7w@networkadvertising.org,Male,11.145.172.237
286,Chrysler,Renachowski,crenachowski7x@weibo.com,Female,242.192.109.236
287,Collete,Lush,clush7y@wikipedia.org,Female,232.52.2.174
288,Jamaal,Lared,jlared7z@trellian.com,Male,254.163.215.216
289,Thacher,Carletti,tcarletti80@rambler.ru,Male,51.136.182.248
290,Kingston,Andreaccio,kandreaccio81@example.com,Male,92.136.210.178
291,Robin,Vasser,rvasser82@last.fm,Female,21.150.68.22
292,Spencer,Nesey,snesey83@telegraph.co.uk,Male,60.241.4.218
293,Byron,Byles,bbyles84@smugmug.com,Male,191.240.45.84
294,Toma,de Verson,tdeverson85@amazon.co.jp,Female,61.10.245.239
295,Kylie,Bodley,kbodley86@t.co,Male,27.174.90.225
296,Pennie,Picken,ppicken87@hc360.com,Female,73.64.43.144
297,Coral,Fetter,cfetter88@merriam-webster.com,Female,242.6.129.69
298,Gloriana,Ovington,govington89@ft.com,Female,119.47.37.67
299,Nana,Smalles,nsmalles8a@eventbrite.com,Female,95.113.114.11
300,Jacklyn,Kitteman,jkitteman8b@nasa.gov,Female,144.212.138.190
301,Peyter,Blazi,pblazi8c@kickstarter.com,Male,227.87.130.162
302,Netta,Berntssen,nberntssen8d@irs.gov,Female,60.207.140.203
303,Lawton,Plet,lplet8e@flickr.com,Genderqueer,10.137.207.193
304,Reinald,Candlin,rcandlin8f@hexun.com,Male,84.127.29.209
305,Dania,Keeffe,dkeeffe8g@parallels.com,Female,251.219.111.240
306,Clarita,Balls,cballs8h@myspace.com,Female,164.215.219.244
307,Cherry,Broomhead,cbroomhead8i@ebay.com,Female,98.134.158.80
308,Tana,Hawtry,thawtry8j@free.fr,Female,75.95.144.200
309,Raychel,Brimble,rbrimble8k@nba.com,Female,45.163.69.111
310,Quincey,McKernon,qmckernon8l@blog.com,Male,209.44.97.248
311,Ingaberg,Auchinleck,iauchinleck8m@thetimes.co.uk,Female,24.155.216.34
312,Kerrin,Leeke,kleeke8n@usa.gov,Female,222.64.107.207
313,Gerald,Kyme,gkyme8o@sun.com,Male,244.188.221.60
314,Winifield,Escritt,wescritt8p@sina.com.cn,Male,124.111.18.233
315,Rosalia,Angrave,rangrave8q@liveinternet.ru,Female,26.67.130.243
316,Quintina,Halwell,qhalwell8r@weebly.com,Female,13.129.119.101
317,Brit,Goudman,bgoudman8s@hp.com,Male,129.118.253.150
318,Pen,Giovannelli,pgiovannelli8t@youku.com,Male,72.174.127.23
319,Orton,Micah,omicah8u@etsy.com,Male,99.220.56.91
320,Christophe,Beattie,cbeattie8v@craigslist.org,Male,114.197.159.109
321,Dalt,Hudel,dhudel8w@domainmarket.com,Male,189.178.72.188
322,Kristyn,Prigmore,kprigmore8x@nationalgeographic.com,Female,229.43.41.84
323,Georgena,Clopton,gclopton8y@ucsd.edu,Female,116.176.26.189
324,Rubi,Rodbourne,rrodbourne8z@ehow.com,Genderfluid,63.187.173.12
325,Alexi,Greest,agreest90@themeforest.net,Female,23.84.100.11
326,Miquela,Lieber,mlieber91@yelp.com,Female,39.217.158.0
327,Cyril,Ornells,cornells92@smh.com.au,Male,10.9.164.223
328,Huey,Adds,hadds93@businessinsider.com,Male,149.48.5.106
329,Lauren,Cressingham,lcressingham94@epa.gov,Female,120.157.166.49
330,Jerrie,Bichener,jbichener95@slideshare.net,Female,106.213.120.76
331,Jeth,Whittek,jwhittek96@ask.com,Non-binary,56.182.52.158
332,Myer,Flaverty,mflaverty97@people.com.cn,Male,87.14.94.50
333,Dix,Thorold,dthorold98@cdbaby.com,Female,91.59.26.32
334,Jorge,Haresign,jharesign99@berkeley.edu,Male,108.4.170.59
335,Tore,Master,tmaster9a@phoca.cz,Male,17.32.95.233
336,Sheffield,Meert,smeert9b@lycos.com,Male,73.95.4.28
337,Marvin,Showen,mshowen9c@spiegel.de,Male,164.80.138.214
338,Jenna,Vogel,jvogel9d@mashable.com,Female,249.209.197.73
339,Catherin,Garrelts,cgarrelts9e@adobe.com,Female,252.85.61.104
340,Rafael,Hunday,rhunday9f@unblog.fr,Male,185.58.240.216
341,Errick,Costi,ecosti9g@ebay.com,Male,176.151.190.45
342,Chev,Harries,charries9h@tamu.edu,Male,120.6.185.163
343,Sigmund,Gorsse,sgorsse9i@so-net.ne.jp,Male,30.38.41.183
344,Waly,Climar,wclimar9j@unc.edu,Female,224.120.235.194
345,Farleigh,Hardin,fhardin9k@independent.co.uk,Male,57.13.210.114
346,Axe,Warcup,awarcup9l@nationalgeographic.com,Male,31.39.51.41
347,Anabelle,Mudle,amudle9m@biglobe.ne.jp,Female,145.13.177.20
348,Hermine,Rookwell,hrookwell9n@imageshack.us,Female,247.153.212.141
349,Sara,Dalla,sdalla9o@theglobeandmail.com,Female,200.181.214.212
350,Yettie,Kinleyside,ykinleyside9p@marriott.com,Female,130.240.32.177
351,Shane,Polleye,spolleye9q@globo.com,Male,113.83.166.48
352,Vern,Masterton,vmasterton9r@liveinternet.ru,Male,213.116.37.151
353,Adriana,Carrol,acarrol9s@webeden.co.uk,Female,71.149.241.20
354,Talya,Suart,tsuart9t@cisco.com,Female,45.215.35.33
355,Conn,Ewer,cewer9u@csmonitor.com,Male,188.125.21.230
356,Jefferey,Whitlaw,jwhitlaw9v@furl.net,Male,133.138.147.83
357,Merle,Haller,mhaller9w@hhs.gov,Male,19.151.168.206
358,Maddie,Prium,mprium9x@facebook.com,Female,158.173.38.126
359,Merci,Fibben,mfibben9y@rediff.com,Non-binary,32.96.206.186
360,Vivienne,Chritchlow,vchritchlow9z@sun.com,Female,48.225.7.86
361,Gay,Vinker,gvinkera0@booking.com,Male,5.45.106.3
362,Dawn,Silversmidt,dsilversmidta1@netscape.com,Female,232.236.78.216
363,Jayme,Lowery,jlowerya2@parallels.com,Male,248.96.227.117
364,Kermy,Bhatia,kbhatiaa3@prlog.org,Male,252.38.208.136
365,Neils,France,nfrancea4@nationalgeographic.com,Male,4.240.154.71
366,Heida,Lawson,hlawsona5@stanford.edu,Agender,46.144.51.155
367,Everard,Drysdall,edrysdalla6@ft.com,Bigender,97.180.197.147
368,Adolpho,Cosley,acosleya7@csmonitor.com,Male,205.83.170.20
369,Estelle,Pie,epiea8@alibaba.com,Female,106.255.17.87
370,Nickie,Blackney,nblackneya9@mlb.com,Male,180.2.138.116
371,Melvin,Weed,mweedaa@dion.ne.jp,Male,48.24.56.182
372,Bryn,Chanter,bchanterab@ibm.com,Female,87.188.87.171
373,Nap,Cullip,ncullipac@elpais.com,Male,7.50.74.116
374,Berni,Campagne,bcampagnead@diigo.com,Female,255.198.46.146
375,Nola,Lilleycrop,nlilleycropae@a8.net,Female,129.39.194.159
376,Brice,Charker,bcharkeraf@ezinearticles.com,Male,204.62.93.242
377,Wylma,Fields,wfieldsag@bing.com,Female,231.228.240.83
378,Hunt,Ravilious,hraviliousah@smh.com.au,Male,2.250.27.75
379,Fredericka,MacLice,fmacliceai@illinois.edu,Genderqueer,113.193.70.219
380,Artemas,Muzzullo,amuzzulloaj@squidoo.com,Male,133.201.215.33
381,Sibella,Keeffe,skeeffeak@mtv.com,Female,31.234.23.129
382,Hagen,Orringe,horringeal@amazonaws.com,Male,220.237.179.220
383,Forrest,Cobson,fcobsonam@barnesandnoble.com,Male,243.170.98.219
384,Winnie,Ferryn,wferrynan@fda.gov,Non-binary,181.106.55.33
385,Aldwin,Dolphin,adolphinao@myspace.com,Male,112.188.194.213
386,Nanice,Crumby,ncrumbyap@businessinsider.com,Female,79.128.203.186
387,Hedy,Colquete,hcolqueteaq@webnode.com,Female,103.112.240.166
388,Adriano,Plane,aplanear@purevolume.com,Male,135.47.5.93
389,Randie,Maric,rmaricas@furl.net,Female,83.38.193.112
390,Charis,Palmar,cpalmarat@sciencedirect.com,Female,167.43.236.160
391,Leesa,Swaden,lswadenau@lycos.com,Female,165.119.248.53
392,Brad,Pembry,bpembryav@wsj.com,Male,249.65.196.125
393,Hesther,Ravel,hravelaw@dailymotion.com,Female,187.36.27.164
394,Connor,Gabb,cgabbax@auda.org.au,Male,123.197.227.197
395,Sheffy,Hugnot,shugnotay@nih.gov,Male,146.28.143.2
396,Janene,Vigors,jvigorsaz@businessweek.com,Female,180.47.154.65
397,Gottfried,Findley,gfindleyb0@yandex.ru,Male,51.104.250.67
398,Kippie,Kiera,kkierab1@apache.org,Male,218.196.143.76
399,Darrelle,Schechter,dschechterb2@spotify.com,Female,156.50.16.197
400,Bibi,Elstub,belstubb3@usa.gov,Female,130.182.24.109
401,Corny,Drance,cdranceb4@hugedomains.com,Male,63.195.210.215
402,Mina,Ciabatteri,mciabatterib5@ted.com,Female,47.191.250.103
403,Sully,Barnett,sbarnettb6@weebly.com,Male,79.0.135.242
404,Adoree,Ewbanke,aewbankeb7@chron.com,Female,250.7.181.166
405,Noam,Robathon,nrobathonb8@nasa.gov,Male,126.92.104.3
406,Carey,Vamplus,cvamplusb9@toplist.cz,Female,72.224.61.168
407,Durward,Dulany,ddulanyba@elegantthemes.com,Male,52.239.109.117
408,Irina,Bounde,iboundebb@sogou.com,Female,92.248.182.122
409,Conney,Rogans,crogansbc@cisco.com,Male,238.20.210.119
410,Hewitt,Ianittello,hianittellobd@e-recht24.de,Male,80.214.155.28
411,Robb,Sykes,rsykesbe@nytimes.com,Male,27.53.244.127
412,Arleen,Rallin,arallinbf@usnews.com,Female,59.78.22.246
413,Shayna,Connachan,sconnachanbg@cdc.gov,Female,26.192.153.3
414,Mikaela,Flaxon,mflaxonbh@npr.org,Female,246.161.164.90
415,Siward,Kose,skosebi@huffingtonpost.com,Male,130.3.163.51
416,Joela,Freddi,jfreddibj@webnode.com,Female,136.201.12.245
417,West,O'Hogertie,wohogertiebk@archive.org,Male,237.197.170.137
418,Kenny,Chance,kchancebl@wiley.com,Male,228.228.76.94
419,Ruddie,Gasker,rgaskerbm@mapy.cz,Male,181.122.32.209
420,Burlie,Shorbrook,bshorbrookbn@uol.com.br,Male,247.75.182.72
421,Louis,Bison,lbisonbo@telegraph.co.uk,Male,10.99.79.33
422,Kenneth,Marriot,kmarriotbp@skyrock.com,Male,82.50.238.32
423,Ragnar,Olivia,roliviabq@go.com,Polygender,185.216.216.6
424,Tandie,Girod,tgirodbr@google.es,Female,85.103.21.114
425,Grissel,Schoroder,gschoroderbs@reuters.com,Female,101.21.97.0
426,Saloma,Hail,shailbt@npr.org,Female,253.141.181.154
427,Dione,Losseljong,dlosseljongbu@moonfruit.com,Female,221.194.65.225
428,Kit,Camerana,kcameranabv@illinois.edu,Male,82.133.202.136
429,Hurley,Pasfield,hpasfieldbw@youku.com,Male,131.106.220.145
430,Aldis,Dyett,adyettbx@biblegateway.com,Male,175.246.107.123
431,Tailor,Woodwing,twoodwingby@t-online.de,Male,120.193.244.193
432,Ketti,Bedson,kbedsonbz@ted.com,Female,124.201.225.91
433,Barb,Heis,bheisc0@webs.com,Female,180.66.249.233
434,Theo,Chamney,tchamneyc1@soundcloud.com,Male,255.139.77.123
435,Verne,Lindblom,vlindblomc2@ebay.co.uk,Male,211.249.180.239
436,Ann-marie,Vink,avinkc3@apache.org,Female,170.33.78.59
437,Fletcher,Pacey,fpaceyc4@merriam-webster.com,Male,67.109.118.11
438,Micaela,Le Batteur,mlebatteurc5@list-manage.com,Female,156.98.132.28
439,Danie,Dundendale,ddundendalec6@pen.io,Male,187.37.25.255
440,Keelby,Chritchlow,kchritchlowc7@livejournal.com,Male,16.190.111.94
441,Barth,Smoth,bsmothc8@stanford.edu,Male,18.52.238.117
442,Ulrika,Shorie,ushoriec9@oracle.com,Female,21.2.188.155
443,Manya,Hanselmann,mhanselmannca@seattletimes.com,Female,227.20.20.10
444,Bunny,Jermy,bjermycb@opera.com,Female,196.23.199.214
445,Wilden,Skypp,wskyppcc@themeforest.net,Male,198.23.213.212
446,Frants,McGeffen,fmcgeffencd@google.fr,Genderfluid,13.140.20.213
447,Zack,Lidgard,zlidgardce@discuz.net,Bigender,35.106.35.110
448,Wynn,Lalevee,wlaleveecf@miitbeian.gov.cn,Female,225.18.167.142
449,Kennie,Droogan,kdroogancg@ask.com,Male,67.143.115.163
450,Lizbeth,Jewson,ljewsonch@1und1.de,Female,243.122.33.171
451,Dody,Plumbridge,dplumbridgeci@com.com,Female,255.131.57.136
452,Maiga,Birkhead,mbirkheadcj@ted.com,Female,247.44.91.205
453,Mathew,Garie,mgarieck@shinystat.com,Male,223.25.104.208
454,Elvin,Branca,ebrancacl@pcworld.com,Bigender,240.169.180.117
455,Farra,Casserley,fcasserleycm@cnet.com,Female,107.251.230.238
456,Fleurette,Esche,feschecn@lycos.com,Female,194.193.94.218
457,Roxana,Beggan,rbegganco@reddit.com,Female,84.176.215.185
458,Pippy,Paddingdon,ppaddingdoncp@blogger.com,Female,186.243.227.250
459,Gilemette,Luke,glukecq@arstechnica.com,Female,226.27.223.202
460,Minna,Greenhaugh,mgreenhaughcr@tumblr.com,Female,114.196.217.65
461,Trevar,Seldon,tseldoncs@mozilla.com,Male,47.249.176.238
462,Tobie,Wakley,twakleyct@hhs.gov,Male,229.91.120.34
463,Angie,Geistmann,ageistmanncu@ft.com,Female,99.154.104.205
464,Kendre,Swepson,kswepsoncv@cnn.com,Agender,239.98.66.224
465,Stacee,Giraldon,sgiraldoncw@bloglines.com,Male,214.213.188.59
466,Michal,Chisman,mchismancx@accuweather.com,Male,122.14.180.253
467,Carrissa,Chetter,cchettercy@hexun.com,Female,142.37.182.150
468,Torrance,Springtorp,tspringtorpcz@miibeian.gov.cn,Male,154.218.143.98
469,Ardine,Basnett,abasnettd0@wikipedia.org,Female,128.122.215.222
470,Nikoletta,Screech,nscreechd1@wikia.com,Female,1.152.101.180
471,Ban,Gandar,bgandard2@theatlantic.com,Male,117.131.180.217
472,Brittne,Cicerone,bciceroned3@yellowbook.com,Female,216.22.224.48
473,Clemens,Coathup,ccoathupd4@seesaa.net,Male,122.45.247.118
474,Herculie,Bullman,hbullmand5@thetimes.co.uk,Male,241.81.196.48
475,Solly,Scolding,sscoldingd6@acquirethisname.com,Genderqueer,232.202.0.156
476,Cathyleen,Golbourn,cgolbournd7@aboutads.info,Female,23.176.128.79
477,Nerta,Lucius,nluciusd8@nyu.edu,Female,134.174.76.217
478,Kacy,Gilogly,kgiloglyd9@e-recht24.de,Female,35.175.105.145
479,Allina,Woodsford,awoodsfordda@marketwatch.com,Female,229.85.56.147
480,Shanna,MacGorman,smacgormandb@mozilla.com,Female,114.234.67.6
481,Berkeley,Pook,bpookdc@canalblog.com,Polygender,61.5.176.139
482,Paula,Juhruke,pjuhrukedd@photobucket.com,Female,208.91.18.51
483,Araldo,Bulle,abullede@prlog.org,Male,46.43.42.150
484,Daniella,Brunone,dbrunonedf@alibaba.com,Female,234.84.69.154
485,Uriel,Mews,umewsdg@canalblog.com,Male,71.110.12.69
486,Stanly,McCorkell,smccorkelldh@ehow.com,Male,85.157.166.68
487,Edan,Munn,emunndi@csmonitor.com,Male,16.209.126.29
488,Alexine,Daintree,adaintreedj@webs.com,Female,39.78.244.202
489,Genevieve,Wolfarth,gwolfarthdk@exblog.jp,Female,120.198.6.136
490,Debi,Peirce,dpeircedl@princeton.edu,Female,111.162.175.210
491,Rosalinde,Beausang,rbeausangdm@soup.io,Female,125.48.28.246
492,Berton,Caldaro,bcaldarodn@com.com,Male,213.68.200.73
493,Jason,Lathwood,jlathwooddo@comcast.net,Male,128.192.200.91
494,Nevile,Lezemore,nlezemoredp@tripod.com,Male,40.74.120.147
495,Bertine,Elson,belsondq@microsoft.com,Female,66.126.134.232
496,Brendis,Murkitt,bmurkittdr@un.org,Male,171.91.1.132
497,Tades,Younge,tyoungeds@slideshare.net,Male,144.49.20.255
498,Margarethe,Turpie,mturpiedt@acquirethisname.com,Female,241.153.97.83
499,Rae,Budding,rbuddingdu@newyorker.com,Genderfluid,142.174.85.41
500,Farris,Sambells,fsambellsdv@dmoz.org,Male,117.149.105.181
501,Agnella,Kenealy,akenealydw@indiatimes.com,Female,86.53.249.119
502,Tobit,Walduck,twalduckdx@goodreads.com,Bigender,64.43.235.219
503,Tremayne,Haggeth,thaggethdy@earthlink.net,Male,134.227.114.178
504,Duffy,Kalewe,dkalewedz@msu.edu,Male,111.105.76.7
505,Mort,D'Costa,mdcostae0@unesco.org,Male,160.253.39.182
506,Mildrid,McAlinden,mmcalindene1@comsenz.com,Genderqueer,107.87.241.234
507,Taddeo,Smallthwaite,tsmallthwaitee2@webs.com,Male,150.191.193.15
508,Eduino,Welberry,ewelberrye3@google.de,Male,122.105.86.115
509,Timmy,Cuerda,tcuerdae4@plala.or.jp,Male,222.24.73.221
510,Myrta,Tibbotts,mtibbottse5@domainmarket.com,Female,70.117.162.65
511,Pasquale,Blonfield,pblonfielde6@surveymonkey.com,Male,141.73.229.144
512,Rog,Maffucci,rmaffuccie7@toplist.cz,Male,177.131.18.137
513,Gail,O'Flynn,goflynne8@newsvine.com,Male,15.120.50.253
514,Carolee,Petrushka,cpetrushkae9@studiopress.com,Female,181.182.59.196
515,Stephie,Boltwood,sboltwoodea@soup.io,Agender,60.192.195.96
516,Skipton,Upton,suptoneb@who.int,Male,176.60.220.250
517,Monro,MacGorley,mmacgorleyec@si.edu,Male,29.147.24.55
518,Alexandro,Lortz,alortzed@shutterfly.com,Male,242.216.115.59
519,Karole,Grigorini,kgrigoriniee@mapquest.com,Female,154.180.164.196
520,Julianna,Bryant,jbryantef@ameblo.jp,Female,192.175.144.204
521,Erwin,Plait,eplaiteg@webmd.com,Male,9.124.0.41
522,Wendall,Hawksby,whawksbyeh@usgs.gov,Male,118.118.24.8
523,Henrie,Oller,hollerei@php.net,Female,198.172.212.44
524,Bette,Ducroe,bducroeej@sciencedirect.com,Female,222.219.82.127
525,Lennard,Huckel,lhuckelek@myspace.com,Male,7.207.53.81
526,Cissy,Sidnell,csidnellel@google.nl,Female,161.141.19.18
527,Lorrie,Blacket,lblacketem@thetimes.co.uk,Male,118.86.0.237
528,Kiley,Landsberg,klandsbergen@canalblog.com,Male,57.44.252.195
529,Kimberlyn,Kinde,kkindeeo@psu.edu,Female,99.150.170.189
530,Kendell,Tucknutt,ktucknuttep@xrea.com,Agender,40.148.90.227
531,Kaleb,Tremathack,ktremathackeq@globo.com,Male,178.73.96.183
532,Leon,McKinna,lmckinnaer@berkeley.edu,Male,137.104.35.141
533,Tiffani,Capon,tcapones@163.com,Female,81.199.54.167
534,Terrence,Valasek,tvalaseket@rediff.com,Male,161.29.140.174
535,Benny,Fraanchyonok,bfraanchyonokeu@sina.com.cn,Male,218.198.50.197
536,Leora,Ings,lingsev@sourceforge.net,Female,255.30.54.173
537,Tonya,Walasik,twalasikew@redcross.org,Female,155.157.181.105
538,Sarene,Hyndman,shyndmanex@cbslocal.com,Female,141.102.130.85
539,Nicole,Dwire,ndwireey@mlb.com,Female,174.51.81.253
540,Mata,Gouinlock,mgouinlockez@sciencedirect.com,Male,236.232.146.92
541,Grier,Birt,gbirtf0@umich.edu,Female,147.150.239.61
542,Bride,Woodruff,bwoodrufff1@youku.com,Female,162.138.225.144
543,Brendon,Mounsey,bmounseyf2@jugem.jp,Male,100.93.15.77
544,Larissa,Scotter,lscotterf3@netlog.com,Female,135.138.131.39
545,Heywood,Mortel,hmortelf4@fc2.com,Agender,65.240.162.227
546,Paule,Hinkes,phinkesf5@bbb.org,Female,34.43.175.42
547,Portie,Trevaskiss,ptrevaskissf6@msu.edu,Non-binary,188.23.102.190
548,Patsy,Lack,plackf7@parallels.com,Polygender,189.225.44.139
549,Gilda,Degan,gdeganf8@netscape.com,Female,195.240.227.41
550,Tildi,Lowers,tlowersf9@latimes.com,Female,154.45.46.73
551,Robin,Iorizzo,riorizzofa@twitpic.com,Male,59.210.71.87
552,Marjory,Ghidoli,mghidolifb@sbwire.com,Female,206.132.134.195
553,Pablo,MacScherie,pmacscheriefc@live.com,Male,70.129.7.22
554,Arlen,Colleton,acolletonfd@facebook.com,Male,237.205.5.113
555,Gussie,Wheowall,gwheowallfe@ucsd.edu,Female,240.147.143.77
556,Grant,Stayte,gstayteff@washingtonpost.com,Male,28.5.5.132
557,Bartlet,Dymott,bdymottfg@sbwire.com,Male,19.80.183.66
558,Ingram,Temprell,itemprellfh@stanford.edu,Male,223.128.242.177
559,Elvina,Challener,echallenerfi@theglobeandmail.com,Female,240.72.187.184
560,Catina,Goodhay,cgoodhayfj@slate.com,Female,134.47.31.159
561,Lauren,Simonich,lsimonichfk@spotify.com,Male,37.65.249.6
562,Hillary,Hefferon,hhefferonfl@gizmodo.com,Male,218.66.127.204
563,Burke,Clemas,bclemasfm@webnode.com,Male,183.68.109.166
564,Adrienne,Brimble,abrimblefn@slate.com,Female,5.2.223.228
565,Bessy,Boggon,bboggonfo@a8.net,Female,183.219.72.136
566,Sharl,Alldre,salldrefp@yahoo.co.jp,Female,1.216.228.203
567,Kellyann,Masson,kmassonfq@ebay.co.uk,Female,19.9.82.239
568,Jessey,Hush,jhushfr@tiny.cc,Male,18.134.101.164
569,Oona,Maingot,omaingotfs@sina.com.cn,Genderqueer,100.224.71.53
570,Bernardo,Geeritz,bgeeritzft@360.cn,Male,205.212.125.199
571,Chas,Clemas,cclemasfu@tripod.com,Male,37.97.203.140
572,Derwin,Cranefield,dcranefieldfv@sogou.com,Male,141.27.226.230
573,Adelaide,Kornyshev,akornyshevfw@soundcloud.com,Female,32.4.50.30
574,Norris,McKelvie,nmckelviefx@go.com,Male,177.224.119.15
575,August,Fogarty,afogartyfy@xrea.com,Male,35.14.107.131
576,Wilburt,Robjents,wrobjentsfz@phpbb.com,Male,116.117.239.84
577,Lise,Picknett,lpicknettg0@mayoclinic.com,Female,49.113.43.25
578,Aprilette,Garrud,agarrudg1@google.pl,Female,7.248.205.205
579,Nariko,Gouldbourn,ngouldbourng2@usda.gov,Female,253.16.158.101
580,Weidar,Bagniuk,wbagniukg3@fc2.com,Male,137.139.45.145
581,Hymie,Pache,hpacheg4@jimdo.com,Male,130.16.174.65
582,Kimmie,Brinkworth,kbrinkworthg5@dion.ne.jp,Female,249.98.91.82
583,Baron,Broinlich,bbroinlichg6@census.gov,Genderfluid,133.165.23.161
584,Gris,Quixley,gquixleyg7@blogspot.com,Male,214.89.4.155
585,Helsa,Sinisbury,hsinisburyg8@disqus.com,Female,144.26.14.183
586,Wayland,Tother,wtotherg9@opera.com,Male,184.182.95.142
587,Nanni,Landreth,nlandrethga@berkeley.edu,Female,187.74.102.133
588,Sheila-kathryn,Leamon,sleamongb@mozilla.com,Female,150.163.155.245
589,Micaela,Louche,mlouchegc@tamu.edu,Genderfluid,61.134.124.124
590,Lisha,Riddell,lriddellgd@plala.or.jp,Genderfluid,102.2.245.120
591,Erica,Holt,eholtge@ftc.gov,Female,149.234.17.87
592,Price,Kupec,pkupecgf@live.com,Male,65.204.93.46
593,Hilario,Kupec,hkupecgg@bloglines.com,Male,56.168.195.168
594,Roger,Baumann,rbaumanngh@geocities.com,Male,253.226.172.31
595,Malena,de Clerq,mdeclerqgi@moonfruit.com,Female,169.60.106.76
596,Riva,Sandey,rsandeygj@e-recht24.de,Female,125.146.206.107
597,Lorens,Petters,lpettersgk@reuters.com,Male,151.178.195.109
598,Ania,Van der Kruijs,avanderkruijsgl@furl.net,Female,135.150.181.184
599,Sibbie,Brunon,sbrunongm@google.fr,Female,95.196.254.149
600,Minor,Grishenkov,mgrishenkovgn@springer.com,Male,150.70.138.123
601,Flin,Lishman,flishmango@taobao.com,Male,56.134.148.88
602,Jocko,Jordin,jjordingp@tumblr.com,Male,134.110.42.38
603,Jay,McPhillips,jmcphillipsgq@home.pl,Male,69.224.70.73
604,Kathye,Simonelli,ksimonelligr@ucoz.com,Female,47.139.254.116
605,Edik,Rossborough,erossboroughgs@tinypic.com,Male,140.81.131.82
606,Karl,Rhucroft,krhucroftgt@tuttocitta.it,Male,214.207.12.233
607,Saw,Tivnan,stivnangu@tuttocitta.it,Male,52.88.240.67
608,Ethelin,Backshall,ebackshallgv@mozilla.com,Female,92.175.187.251
609,Tito,Mungan,tmungangw@ning.com,Male,52.171.150.165
610,Onfre,Jodlkowski,ojodlkowskigx@friendfeed.com,Male,111.105.115.112
611,Wain,Burgh,wburghgy@eepurl.com,Male,229.198.125.127
612,Raymond,Piperley,rpiperleygz@ning.com,Male,183.140.9.170
613,Laurette,Balshen,lbalshenh0@usatoday.com,Female,219.222.39.23
614,Dora,Hodjetts,dhodjettsh1@engadget.com,Female,189.55.102.27
615,Elbert,Belch,ebelchh2@twitter.com,Male,253.255.231.60
616,Averill,Bengefield,abengefieldh3@ovh.net,Male,118.54.171.198
617,Patty,Baynham,pbaynhamh4@creativecommons.org,Male,24.195.79.60
618,Ulrick,Truscott,utruscotth5@mozilla.org,Male,16.119.41.55
619,Zita,Thomasset,zthomasseth6@ted.com,Female,14.200.233.230
620,Jessa,Dursley,jdursleyh7@reference.com,Female,62.94.26.0
621,Madelyn,Markovich,mmarkovichh8@google.fr,Female,229.226.171.104
622,Templeton,Hughes,thughesh9@cpanel.net,Male,117.74.113.93
623,Kale,Seeborne,kseeborneha@istockphoto.com,Male,125.56.162.31
624,Calhoun,Littleover,clittleoverhb@state.tx.us,Male,174.25.175.224
625,Kizzie,Galero,kgalerohc@creativecommons.org,Female,38.206.177.34
626,Davis,Gorrissen,dgorrissenhd@biblegateway.com,Male,88.137.71.67
627,Lind,Selburn,lselburnhe@about.com,Male,219.68.150.7
628,Jeremy,Pruckner,jprucknerhf@netscape.com,Male,160.112.136.156
629,Julienne,Tinn,jtinnhg@google.com.hk,Genderqueer,125.245.156.27
630,Parrnell,Sharman,psharmanhh@tinypic.com,Male,157.138.220.243
631,Lilllie,Marte,lmartehi@jugem.jp,Female,149.215.73.245
632,Delinda,Testo,dtestohj@bloomberg.com,Female,201.102.3.5
633,Kristoffer,Fernihough,kfernihoughhk@eventbrite.com,Male,152.58.52.236
634,Bertine,Crossfeld,bcrossfeldhl@blog.com,Female,26.145.20.22
635,Neel,Laurance,nlaurancehm@usa.gov,Male,41.207.72.1
636,Moira,Hutchason,mhutchasonhn@alexa.com,Female,164.35.129.200
637,Hasty,Prangnell,hprangnellho@ted.com,Male,128.190.56.25
638,Jermayne,Beceril,jbecerilhp@europa.eu,Male,18.75.99.102
639,Renee,Massot,rmassothq@people.com.cn,Female,110.37.142.81
640,Buddie,Anand,banandhr@posterous.com,Bigender,147.92.8.113
641,Giffard,Kerfoot,gkerfooths@theglobeandmail.com,Male,40.90.57.106
642,Lori,Ambroix,lambroixht@csmonitor.com,Female,235.83.239.174
643,Ardelia,Hatto,ahattohu@go.com,Polygender,106.27.29.212
644,Ivor,Aimer,iaimerhv@mit.edu,Male,44.59.252.112
645,Flynn,Clemes,fclemeshw@gov.uk,Male,193.143.23.194
646,Minny,Brotherhead,mbrotherheadhx@taobao.com,Female,228.176.203.78
647,Edna,Mochan,emochanhy@issuu.com,Female,77.168.216.152
648,Dahlia,Tille,dtillehz@vkontakte.ru,Female,136.229.173.160
649,Torey,Pound,tpoundi0@goo.gl,Male,162.174.91.208
650,Consuelo,Rutherforth,crutherforthi1@ovh.net,Female,205.197.195.255
651,Ronnica,Mcettrick,rmcettricki2@freewebs.com,Female,59.78.16.92
652,Pattie,Verillo,pverilloi3@furl.net,Agender,217.192.93.232
653,Dotti,Sibthorpe,dsibthorpei4@privacy.gov.au,Female,28.255.192.66
654,Abbe,Cromleholme,acromleholmei5@istockphoto.com,Male,253.27.75.150
655,Debora,Haston,dhastoni6@symantec.com,Non-binary,83.116.196.191
656,Davida,Lochhead,dlochheadi7@ehow.com,Female,181.46.251.194
657,Alvin,Walasik,awalasiki8@etsy.com,Male,178.169.156.110
658,Livvie,Griffiths,lgriffithsi9@blogs.com,Female,174.180.131.157
659,Payton,Dash,pdashia@bloglines.com,Male,4.110.224.161
660,Eachelle,Tremeer,etremeerib@aboutads.info,Female,158.41.141.239
661,Cassi,Eadington,ceadingtonic@illinois.edu,Female,159.211.91.52
662,Amble,Curtiss,acurtissid@wordpress.org,Male,42.18.104.219
663,Loreen,Duckels,lduckelsie@admin.ch,Female,252.94.66.33
664,Hasheem,Kernaghan,hkernaghanif@stumbleupon.com,Male,170.165.173.85
665,Janie,Dubble,jdubbleig@loc.gov,Female,99.164.102.242
666,De witt,Blackham,dblackhamih@japanpost.jp,Male,19.136.92.16
667,Christian,Feuell,cfeuellii@berkeley.edu,Male,77.230.191.78
668,Jane,Haibel,jhaibelij@mozilla.org,Female,202.252.77.54
669,Bernadina,Wilton,bwiltonik@marketwatch.com,Female,158.155.20.207
670,Athene,Pre,apreil@ameblo.jp,Female,101.231.81.85
671,Lynnet,Shotboulte,lshotboulteim@posterous.com,Female,251.148.147.212
672,Boote,Hayth,bhaythin@nhs.uk,Male,10.80.85.222
673,Zora,Somerbell,zsomerbellio@joomla.org,Female,158.35.245.196
674,Ettore,Kime,ekimeip@ameblo.jp,Male,230.10.18.128
675,Erda,Merigeau,emerigeauiq@illinois.edu,Female,49.114.150.80
676,Jon,Jurgenson,jjurgensonir@google.com.au,Male,116.20.243.50
677,Sharyl,O'Dunneen,sodunneenis@etsy.com,Female,77.77.10.136
678,Winonah,Pusey,wpuseyit@dailymotion.com,Female,92.35.171.237
679,Kerry,Choffin,kchoffiniu@mapquest.com,Male,61.173.201.199
680,Roth,Bohlens,rbohlensiv@goo.gl,Male,188.6.34.156
681,Prissie,Dryden,pdrydeniw@shinystat.com,Bigender,60.12.65.137
682,Teodora,Dobeson,tdobesonix@bluehost.com,Female,94.7.46.137
683,Ash,Teasdale-Markie,ateasdalemarkieiy@nationalgeographic.com,Male,171.131.233.138
684,Rinaldo,Masi,rmasiiz@exblog.jp,Male,162.99.53.195
685,Howey,Fitzer,hfitzerj0@clickbank.net,Male,32.58.69.13
686,Hermann,Bierton,hbiertonj1@lycos.com,Male,207.44.89.163
687,Merry,Ubanks,mubanksj2@mtv.com,Male,82.138.226.179
688,Shannon,Murkus,smurkusj3@skyrock.com,Genderfluid,207.245.121.85
689,Ransell,Calyton,rcalytonj4@digg.com,Male,15.25.182.14
690,Samaria,Fereday,sferedayj5@google.ru,Female,69.51.160.52
691,Tandi,Poller,tpollerj6@upenn.edu,Female,213.246.63.170
692,Clemmie,Grivori,cgrivorij7@opensource.org,Non-binary,58.32.247.124
693,Randall,Kitchingham,rkitchinghamj8@comcast.net,Male,54.116.112.181
694,Ellyn,Paulat,epaulatj9@1und1.de,Female,97.254.202.103
695,Doretta,Patty,dpattyja@ucla.edu,Female,171.118.20.55
696,Paxon,Eggers,peggersjb@slashdot.org,Male,219.134.247.235
697,Randall,Golby,rgolbyjc@google.co.uk,Male,180.152.111.25
698,Guillema,Sharpling,gsharplingjd@sun.com,Female,176.41.92.157
699,Glennis,Howell,ghowellje@imageshack.us,Polygender,243.233.47.6
700,Hurley,Mackrell,hmackrelljf@ft.com,Male,218.222.139.32
701,Rhianna,Snarr,rsnarrjg@surveymonkey.com,Female,18.67.245.146
702,Nollie,Vaugham,nvaughamjh@mac.com,Female,164.171.69.221
703,Perceval,Breston,pbrestonji@washington.edu,Male,104.120.85.146
704,Mora,O'Sharkey,mosharkeyjj@smugmug.com,Female,242.62.71.38
705,Mortimer,Clulow,mclulowjk@wired.com,Male,254.34.124.77
706,Kerby,Tivers,ktiversjl@cdc.gov,Male,168.78.149.139
707,Rosie,Roiz,rroizjm@nationalgeographic.com,Non-binary,166.222.147.183
708,Lea,Tire,ltirejn@paginegialle.it,Female,210.253.11.236
709,Brockie,Redpath,bredpathjo@forbes.com,Male,67.215.121.64
710,Cobby,Miliffe,cmiliffejp@yale.edu,Male,59.11.126.131
711,Michaella,Abramovitz,mabramovitzjq@github.com,Female,98.24.212.169
712,Shannan,Bento,sbentojr@java.com,Male,231.246.72.72
713,Timmie,Raddon,traddonjs@narod.ru,Male,113.191.221.2
714,Jasen,Seaborne,jseabornejt@mtv.com,Male,60.140.189.101
715,Ian,Tingly,itinglyju@hc360.com,Male,180.189.36.230
716,Tibold,Lillford,tlillfordjv@cbslocal.com,Male,182.26.81.191
717,Trip,Bernardo,tbernardojw@tripod.com,Male,230.193.21.68
718,Guthrie,Dudhill,gdudhilljx@xrea.com,Male,203.102.28.27
719,Liane,Vasechkin,lvasechkinjy@barnesandnoble.com,Female,95.174.28.44
720,Putnam,Jekyll,pjekylljz@eepurl.com,Male,41.83.6.194
721,Cam,Wilsher,cwilsherk0@issuu.com,Female,10.32.182.159
722,Husain,Lockhurst,hlockhurstk1@narod.ru,Male,31.91.186.240
723,Lucina,Nussey,lnusseyk2@accuweather.com,Female,114.174.36.134
724,Saraann,Gilley,sgilleyk3@imgur.com,Female,241.188.181.201
725,Francois,Matkin,fmatkink4@mediafire.com,Male,42.223.55.193
726,Isis,Critten,icrittenk5@indiegogo.com,Female,38.127.128.119
727,Granger,Cuttles,gcuttlesk6@alibaba.com,Male,238.241.157.102
728,Harry,McGunley,hmcgunleyk7@liveinternet.ru,Non-binary,104.141.146.33
729,Frasier,Jeenes,fjeenesk8@last.fm,Male,247.68.218.115
730,Rebecka,Geaveny,rgeavenyk9@eventbrite.com,Female,190.54.152.0
731,Evaleen,Wragg,ewraggka@cafepress.com,Female,89.205.138.95
732,Brittney,Jancar,bjancarkb@desdev.cn,Female,169.175.109.57
733,Terra,Elsmore,telsmorekc@princeton.edu,Genderfluid,220.228.254.182
734,Hubie,Blinman,hblinmankd@jimdo.com,Male,76.83.207.232
735,Justine,McAllester,jmcallesterke@domainmarket.com,Female,88.43.125.135
736,Rosana,Scarth,rscarthkf@nature.com,Female,194.84.67.113
737,Colly,Rengger,crenggerkg@google.nl,Female,101.53.85.113
738,Letta,O'Garmen,logarmenkh@craigslist.org,Female,45.107.230.173
739,Ludvig,Kenvin,lkenvinki@ehow.com,Male,56.96.253.193
740,Ashleigh,Fearns,afearnskj@marriott.com,Female,139.50.163.138
741,Shaun,Banbrick,sbanbrickkk@multiply.com,Male,12.76.220.87
742,Johannes,Jouannot,jjouannotkl@mit.edu,Male,137.36.227.127
743,Aline,Artinstall,aartinstallkm@homestead.com,Female,176.93.109.243
744,Miquela,Greber,mgreberkn@example.com,Female,214.39.55.69
745,Jessi,O'Cullen,jocullenko@va.gov,Female,18.52.204.55
746,Jerrylee,Iacopo,jiacopokp@irs.gov,Female,132.127.143.4
747,Renelle,Skamal,rskamalkq@sourceforge.net,Female,77.154.200.234
748,Sherm,Jankin,sjankinkr@ibm.com,Non-binary,151.176.240.86
749,Ileana,Barrett,ibarrettks@berkeley.edu,Agender,97.0.183.250
750,Ollie,Skeen,oskeenkt@elpais.com,Male,87.108.183.96
751,Cornall,Fancourt,cfancourtku@state.gov,Male,132.250.131.94
752,Willetta,Dowry,wdowrykv@netvibes.com,Female,40.42.146.145
753,Marrilee,Lamanby,mlamanbykw@tinyurl.com,Female,174.48.244.165
754,Maxi,Van Rembrandt,mvanrembrandtkx@discuz.net,Non-binary,1.159.27.222
755,Hubert,Fellon,hfellonky@sakura.ne.jp,Male,238.189.178.161
756,Wendel,Al Hirsi,walhirsikz@economist.com,Male,241.242.37.5
757,Dorothy,Cockrell,dcockrelll0@springer.com,Female,147.179.251.255
758,Aldus,Shutler,ashutlerl1@tiny.cc,Male,31.13.58.152
759,Cesya,Goulstone,cgoulstonel2@constantcontact.com,Female,185.167.57.105
760,Milzie,Milligan,mmilliganl3@vistaprint.com,Female,126.31.252.214
761,Owen,Kinningley,okinningleyl4@over-blog.com,Male,158.86.115.159
762,Kendal,Quarles,kquarlesl5@over-blog.com,Male,240.94.54.129
763,Saunderson,Nodes,snodesl6@scribd.com,Male,105.32.30.241
764,Fifi,Kinchington,fkinchingtonl7@stanford.edu,Female,223.217.38.8
765,Arabella,Kitchiner,akitchinerl8@europa.eu,Female,171.14.160.2
766,Siouxie,Joslyn,sjoslynl9@github.io,Female,25.39.28.159
767,Amberly,Beckenham,abeckenhamla@webs.com,Female,58.18.231.19
768,Terrijo,Tschursch,ttschurschlb@netscape.com,Female,59.215.179.39
769,Dorry,Bonifazio,dbonifaziolc@webmd.com,Female,1.234.210.46
770,Kaile,Kochel,kkochelld@php.net,Female,125.141.120.117
771,Annamaria,Shelborne,ashelbornele@ask.com,Female,106.14.91.240
772,Stanton,Brilon,sbrilonlf@i2i.jp,Male,255.51.126.191
773,Jessie,Santino,jsantinolg@discuz.net,Genderfluid,148.80.175.242
774,Mathian,Dale,mdalelh@meetup.com,Male,73.71.54.205
775,Danya,Fenelon,dfenelonli@ftc.gov,Male,105.87.76.108
776,Vassili,Donner,vdonnerlj@indiatimes.com,Male,95.74.187.245
777,Anabelle,Arnholdt,aarnholdtlk@deviantart.com,Female,234.114.226.133
778,Koren,Godbert,kgodbertll@github.com,Female,110.4.71.168
779,Sergei,Bacchus,sbacchuslm@uiuc.edu,Male,124.198.44.87
780,Jarrod,Assur,jassurln@squarespace.com,Male,75.222.79.241
781,Cloris,Neles,cneleslo@unesco.org,Female,139.180.175.148
782,Bernard,Stubbin,bstubbinlp@nifty.com,Male,199.61.114.242
783,Moises,Dudderidge,mdudderidgelq@pcworld.com,Male,33.67.53.19
784,Ezechiel,Plumridge,eplumridgelr@ox.ac.uk,Male,247.140.166.121
785,Samuel,Dresse,sdressels@over-blog.com,Male,35.56.72.216
786,Barnabas,Ashingden,bashingdenlt@bbb.org,Male,108.98.137.54
787,Stacie,Eplett,seplettlu@canalblog.com,Female,18.115.158.173
788,Sigismundo,Holmyard,sholmyardlv@ft.com,Male,245.35.39.221
789,Maddalena,Ripsher,mripsherlw@techcrunch.com,Genderqueer,82.167.94.35
790,Dulcea,Thys,dthyslx@spiegel.de,Polygender,31.61.215.30
791,Dorelia,Sabberton,dsabbertonly@yahoo.com,Non-binary,54.245.239.172
792,Hy,Housecraft,hhousecraftlz@comcast.net,Male,49.232.117.195
793,Aurelea,Shulver,ashulverm0@360.cn,Female,126.42.246.159
794,Sheppard,Pumfrey,spumfreym1@tumblr.com,Male,77.21.202.54
795,Orel,Friend,ofriendm2@t.co,Female,115.202.33.36
796,Arlen,Kinkead,akinkeadm3@prweb.com,Female,61.71.253.193
797,Judi,Sloan,jsloanm4@fastcompany.com,Female,60.5.150.79
798,Ettore,Dymoke,edymokem5@homestead.com,Male,154.5.102.219
799,Benton,Rounsefull,brounsefullm6@nhs.uk,Genderfluid,124.33.253.62
800,Marguerite,Paireman,mpairemanm7@privacy.gov.au,Female,158.152.67.243
801,Tristan,Antic,tanticm8@wsj.com,Male,43.199.57.53
802,Ardelle,Quogan,aquoganm9@sakura.ne.jp,Female,251.11.231.136
803,Kiel,Pelos,kpelosma@imdb.com,Male,165.160.104.82
804,Berny,Castellanos,bcastellanosmb@shinystat.com,Male,72.115.248.25
805,Kippy,Menelaws,kmenelawsmc@unesco.org,Female,26.1.4.79
806,Dorey,Tyres,dtyresmd@stumbleupon.com,Male,71.72.30.144
807,Jamison,Musprat,jmuspratme@cyberchimps.com,Male,159.117.103.226
808,Adi,Gianolini,agianolinimf@icio.us,Female,152.189.44.230
809,Brennan,Collicott,bcollicottmg@nbcnews.com,Male,230.232.246.185
810,Huey,Randals,hrandalsmh@tiny.cc,Male,239.252.124.40
811,Georgiana,Pace,gpacemi@pinterest.com,Female,27.69.65.82
812,Colene,Elsmor,celsmormj@chron.com,Polygender,185.200.195.134
813,Neddy,Harston,nharstonmk@mtv.com,Male,245.136.173.242
814,Annalee,Doudney,adoudneyml@sciencedaily.com,Female,221.95.143.91
815,Hurlee,Solman,hsolmanmm@stanford.edu,Male,100.76.100.84
816,Gordy,Morilla,gmorillamn@shutterfly.com,Male,167.73.141.162
817,Teena,Grainge,tgraingemo@purevolume.com,Female,189.233.176.192
818,Saul,Tweddell,stweddellmp@bandcamp.com,Male,98.69.45.235
819,Huberto,Martinson,hmartinsonmq@yandex.ru,Male,163.124.170.31
820,Brett,Lakes,blakesmr@soundcloud.com,Male,223.209.140.114
821,Livia,Harrinson,lharrinsonms@alibaba.com,Female,149.101.15.197
822,Fonsie,Bownes,fbownesmt@wix.com,Male,79.87.77.90
823,Cthrine,Cortes,ccortesmu@psu.edu,Female,251.143.129.188
824,Norby,McHardy,nmchardymv@yahoo.com,Male,206.107.187.74
825,Rosy,Hackett,rhackettmw@1688.com,Female,144.6.102.176
826,Emmye,Macguire,emacguiremx@springer.com,Female,35.227.129.25
827,Aldous,Bealton,abealtonmy@skype.com,Male,86.32.46.149
828,Griffie,Colloff,gcolloffmz@desdev.cn,Male,174.134.92.161
829,Cyrille,McClean,cmccleann0@google.it,Male,240.166.1.80
830,Tailor,Rabson,trabsonn1@wikimedia.org,Male,133.53.139.181
831,Vi,Bowton,vbowtonn2@slashdot.org,Female,253.20.22.173
832,Farly,Toth,ftothn3@hugedomains.com,Male,13.49.227.238
833,Kienan,Fattore,kfattoren4@comcast.net,Male,240.211.119.246
834,Quinton,Gatus,qgatusn5@infoseek.co.jp,Male,146.58.241.53
835,Estelle,De Paoli,edepaolin6@opera.com,Female,220.115.120.2
836,Henri,Raistrick,hraistrickn7@com.com,Genderfluid,234.150.213.96
837,Kerrie,Eastabrook,keastabrookn8@list-manage.com,Female,188.43.212.76
838,Darcee,Dugan,ddugann9@ucoz.com,Polygender,201.68.55.149
839,Newton,Easman,neasmanna@miibeian.gov.cn,Male,92.35.56.125
840,Tanhya,Canty,tcantynb@tamu.edu,Female,50.131.17.80
841,Heindrick,Antonetti,hantonettinc@sciencedaily.com,Male,33.235.180.239
842,Emmalynn,Bradford,ebradfordnd@flavors.me,Female,57.17.46.41
843,Lenee,Lacrouts,llacroutsne@chronoengine.com,Female,119.101.35.94
844,Lemmie,Kybbye,lkybbyenf@home.pl,Male,26.211.194.60
845,Rheta,Gumm,rgummng@example.com,Female,71.203.211.5
846,Jeanelle,Mawson,jmawsonnh@canalblog.com,Non-binary,168.100.198.58
847,Edwina,Mitkov,emitkovni@gov.uk,Female,169.227.68.173
848,Sharia,Jobe,sjobenj@google.ca,Female,174.244.66.110
849,Debera,Kidder,dkiddernk@technorati.com,Female,74.190.243.82
850,Krishna,Lovelady,kloveladynl@stumbleupon.com,Male,243.190.190.125
851,Theodoric,Ganter,tganternm@noaa.gov,Male,122.180.136.182
852,Erwin,Fiddymont,efiddymontnn@princeton.edu,Polygender,43.238.110.219
853,Barr,Ditty,bdittyno@columbia.edu,Male,26.35.67.8
854,Ilaire,Kenwell,ikenwellnp@fda.gov,Male,47.53.70.10
855,Vivyan,Imlin,vimlinnq@drupal.org,Female,208.82.16.151
856,Park,Cescotti,pcescottinr@gov.uk,Male,197.250.140.224
857,Uriel,Cuerdale,ucuerdalens@pagesperso-orange.fr,Male,195.7.246.9
858,Clayborn,Brosoli,cbrosolint@wufoo.com,Male,60.58.2.223
859,Eddi,Treagus,etreagusnu@bbb.org,Genderqueer,225.82.109.154
860,Octavia,Roffe,oroffenv@yelp.com,Female,140.130.216.6
861,Edmund,Staines,estainesnw@addthis.com,Male,168.123.100.56
862,Jyoti,Aluard,jaluardnx@china.com.cn,Female,44.216.254.136
863,Alysia,Gunstone,agunstoneny@istockphoto.com,Female,27.33.113.222
864,Adiana,Cometti,acomettinz@behance.net,Female,243.232.141.59
865,Benni,Leban,blebano0@squidoo.com,Female,162.135.155.122
866,Horst,Newton,hnewtono1@slideshare.net,Male,133.169.22.46
867,Kally,Giovanazzi,kgiovanazzio2@google.pl,Bigender,193.13.59.199
868,Burch,Gerbel,bgerbelo3@shop-pro.jp,Male,199.226.69.103
869,Sib,Bishell,sbishello4@nydailynews.com,Female,249.113.225.164
870,Allayne,Antoons,aantoonso5@mozilla.org,Male,71.137.48.156
871,Nissa,Offell,noffello6@mtv.com,Female,44.245.126.14
872,Osbert,Whorall,owhorallo7@indiatimes.com,Male,83.64.79.13
873,Brucie,Krop,bkropo8@github.io,Male,140.128.7.197
874,Jeramey,Leer,jleero9@devhub.com,Male,235.108.55.42
875,Tris,Livingston,tlivingstonoa@hugedomains.com,Male,143.204.84.41
876,Janith,Tarbatt,jtarbattob@gravatar.com,Female,109.229.240.24
877,Sasha,Ralphs,sralphsoc@tmall.com,Female,161.162.34.217
878,Linnea,Bowick,lbowickod@slate.com,Female,33.163.54.104
879,Dirk,Wythill,dwythilloe@loc.gov,Male,224.79.236.233
880,Englebert,Sidon,esidonof@who.int,Male,118.82.245.185
881,Leisha,Bearward,lbearwardog@ftc.gov,Female,7.171.245.26
882,Matthieu,Fugere,mfugereoh@shinystat.com,Male,211.218.126.69
883,Rockie,Milson,rmilsonoi@narod.ru,Male,22.83.65.93
884,Weston,Matous,wmatousoj@nifty.com,Male,137.125.211.114
885,Janeta,De Freyne,jdefreyneok@instagram.com,Female,201.80.131.8
886,Edita,Sandels,esandelsol@github.com,Female,207.149.86.226
887,Gordon,Simonson,gsimonsonom@dyndns.org,Male,127.89.146.216
888,Aarika,Woodger,awoodgeron@go.com,Bigender,251.52.64.19
889,Hayley,Wood,hwoodoo@tinypic.com,Female,128.68.55.199
890,Giffer,Spollen,gspollenop@tripadvisor.com,Male,104.100.108.180
891,Ingrim,Cawkill,icawkilloq@baidu.com,Male,220.235.92.187
892,Odey,Espinola,oespinolaor@google.com.au,Male,109.213.93.199
893,Willdon,Gheraldi,wgheraldios@mayoclinic.com,Male,109.97.235.109
894,Alejandra,Philips,aphilipsot@blog.com,Female,108.10.22.85
895,Angie,Riba,aribaou@omniture.com,Male,56.174.204.38
896,Jenine,Beyer,jbeyerov@parallels.com,Female,183.181.210.184
897,Normy,Edwicke,nedwickeow@oracle.com,Non-binary,137.234.112.110
898,Rachele,Naisbet,rnaisbetox@fc2.com,Female,120.57.199.90
899,Engracia,Puttock,eputtockoy@mtv.com,Female,62.211.254.233
900,Kaine,Kivelhan,kkivelhanoz@amazon.de,Agender,1.24.195.240
901,Elysee,Dyment,edymentp0@dmoz.org,Female,246.143.208.247
902,Gram,Whiffin,gwhiffinp1@nhs.uk,Male,184.57.188.115
903,Buck,Hollows,bhollowsp2@kickstarter.com,Male,28.94.121.51
904,Hartwell,Hall-Gough,hhallgoughp3@rediff.com,Male,199.233.236.34
905,Elspeth,Davids,edavidsp4@imdb.com,Female,228.246.191.131
906,Bibby,Parkes,bparkesp5@gov.uk,Female,123.248.238.162
907,Daryle,Nesbeth,dnesbethp6@aol.com,Male,149.9.48.36
908,Thorn,Truesdale,ttruesdalep7@addthis.com,Male,26.24.158.20
909,Dominique,Pearch,dpearchp8@deliciousdays.com,Male,25.130.130.95
910,Jo,Lidgett,jlidgettp9@hhs.gov,Male,98.148.207.200
911,Dalton,Merriott,dmerriottpa@reuters.com,Male,79.67.87.221
912,Dorthy,Cheke,dchekepb@baidu.com,Female,92.237.100.89
913,Devin,Tisun,dtisunpc@adobe.com,Male,183.3.38.109
914,Yvon,Iglesia,yiglesiapd@hhs.gov,Male,246.226.73.154
915,Marchall,Schruurs,mschruurspe@omniture.com,Polygender,156.93.20.167
916,Dorian,Balshen,dbalshenpf@narod.ru,Female,49.241.122.53
917,Analiese,Masdin,amasdinpg@t.co,Female,54.129.242.136
918,Gardie,Worvill,gworvillph@forbes.com,Male,213.254.5.207
919,Dion,Serrier,dserrierpi@narod.ru,Male,3.15.46.180
920,Ashlie,McEntegart,amcentegartpj@sphinn.com,Female,57.237.38.124
921,Danita,Fullalove,dfullalovepk@de.vu,Female,20.75.106.94
922,Myrilla,Tildesley,mtildesleypl@cpanel.net,Female,214.134.133.109
923,Gage,Rosindill,grosindillpm@diigo.com,Male,204.50.82.213
924,Roderigo,Benit,rbenitpn@naver.com,Male,163.66.206.81
925,Astra,Arendt,aarendtpo@altervista.org,Female,66.177.16.194
926,Phedra,Deavall,pdeavallpp@illinois.edu,Female,168.204.191.16
927,Jazmin,Cotterrill,jcotterrillpq@ed.gov,Female,102.31.115.73
928,Olimpia,Meneer,omeneerpr@jugem.jp,Female,34.214.60.97
929,Ambrosio,McWhirter,amcwhirterps@mail.ru,Male,113.179.16.216
930,Marleen,Ambrosch,mambroschpt@dagondesign.com,Female,47.160.251.184
931,Danit,Rollitt,drollittpu@ezinearticles.com,Genderfluid,22.184.212.129
932,Grissel,Gerrietz,ggerrietzpv@mediafire.com,Female,239.104.231.250
933,Keene,Benedek,kbenedekpw@google.com,Male,166.251.193.64
934,Conrad,Gribbon,cgribbonpx@fema.gov,Male,83.183.252.146
935,Lilyan,Greydon,lgreydonpy@ucoz.com,Agender,116.225.191.210
936,Charo,Scoggan,cscogganpz@google.com,Female,207.113.1.110
937,Bobby,Flaherty,bflahertyq0@stanford.edu,Male,170.117.98.232
938,Diane-marie,Lynock,dlynockq1@gravatar.com,Non-binary,205.31.23.211
939,Agustin,Clutheram,aclutheramq2@msu.edu,Male,97.226.164.199
940,Royall,Pally,rpallyq3@cnbc.com,Male,10.3.68.58
941,Aubert,Skains,askainsq4@dagondesign.com,Male,160.236.131.200
942,Carmine,Brookwood,cbrookwoodq5@qq.com,Male,168.66.21.200
943,Marilee,Josefson,mjosefsonq6@loc.gov,Female,134.212.102.178
944,Hamish,Tassel,htasselq7@plala.or.jp,Male,107.35.125.131
945,Indira,Krook,ikrookq8@un.org,Female,35.9.210.129
946,Nanni,Richardon,nrichardonq9@wufoo.com,Female,21.36.22.90
947,Wendel,Weinham,wweinhamqa@godaddy.com,Agender,163.252.112.152
948,Tristam,Stolworthy,tstolworthyqb@huffingtonpost.com,Male,224.1.146.52
949,Cordelie,Markova,cmarkovaqc@timesonline.co.uk,Non-binary,156.140.113.186
950,Edgardo,Impy,eimpyqd@imdb.com,Male,245.243.12.245
951,Elijah,Gilliat,egilliatqe@biblegateway.com,Male,75.82.244.78
952,Susanna,Jerrard,sjerrardqf@spotify.com,Female,124.129.195.117
953,Deb,Bauer,dbauerqg@aol.com,Female,219.223.184.201
954,Trisha,Hackinge,thackingeqh@virginia.edu,Female,32.240.225.239
955,Ola,Casassa,ocasassaqi@npr.org,Female,173.56.121.59
956,Adolf,Ormiston,aormistonqj@slashdot.org,Male,186.141.230.55
957,Genni,Wingate,gwingateqk@epa.gov,Female,196.17.219.250
958,Mellisa,Lyness,mlynessql@chron.com,Female,203.234.9.245
959,Matty,Barzen,mbarzenqm@hexun.com,Male,218.198.45.39
960,Adora,Edison,aedisonqn@lulu.com,Female,33.45.147.38
961,Jed,Kellart,jkellartqo@163.com,Male,163.145.92.42
962,Fayre,Goldring,fgoldringqp@flavors.me,Female,126.229.99.69
963,Orren,Loakes,oloakesqq@jugem.jp,Male,227.91.142.227
964,Lark,Sporgeon,lsporgeonqr@state.tx.us,Female,106.214.161.188
965,Lothario,Haye,lhayeqs@alexa.com,Male,63.137.210.255
966,Cari,Renshaw,crenshawqt@eventbrite.com,Female,143.73.28.65
967,Antony,Miguel,amiguelqu@disqus.com,Male,27.114.206.200
968,Enid,Purvey,epurveyqv@bloomberg.com,Female,183.88.211.253
969,Whitman,McCalister,wmccalisterqw@google.com,Male,184.193.36.153
970,Jamil,Vannoort,jvannoortqx@ca.gov,Male,230.93.148.59
971,Baron,Zebedee,bzebedeeqy@unesco.org,Male,198.211.165.133
972,Carie,O'Brien,cobrienqz@mashable.com,Non-binary,49.43.82.57
973,Janette,McLane,jmclaner0@sfgate.com,Genderqueer,170.84.75.92
974,Charlotte,Nice,cnicer1@barnesandnoble.com,Female,181.120.109.123
975,Arin,Cleatherow,acleatherowr2@mysql.com,Male,137.107.129.237
976,Rosmunda,Damarell,rdamarellr3@webnode.com,Female,43.109.92.60
977,Rancell,Cothey,rcotheyr4@istockphoto.com,Male,46.67.79.77
978,Donni,Fridaye,dfridayer5@jigsy.com,Female,146.206.128.25
979,Delcina,Hubbucks,dhubbucksr6@macromedia.com,Female,128.255.200.95
980,Raddie,Keynes,rkeynesr7@arstechnica.com,Male,212.194.148.69
981,Sonya,Cherry,scherryr8@cdc.gov,Female,151.232.222.32
982,Rani,Fillingham,rfillinghamr9@microsoft.com,Female,0.74.181.83
983,Christalle,Vezey,cvezeyra@reference.com,Female,106.173.89.31
984,Elise,Skeermor,eskeermorrb@ucla.edu,Female,188.63.118.218
985,Cecilius,Miko,cmikorc@taobao.com,Genderfluid,121.139.235.220
986,Janis,Rossoni,jrossonird@fotki.com,Female,22.217.22.75
987,Berny,Potten,bpottenre@theglobeandmail.com,Male,68.17.122.183
988,Anne-marie,Phillimore,aphillimorerf@auda.org.au,Female,11.138.198.20
989,Augustus,Sargeaunt,asargeauntrg@example.com,Male,254.59.231.129
990,Daryle,Rapsey,drapseyrh@sun.com,Male,196.202.125.56
991,Nilson,Scaife,nscaiferi@nhs.uk,Male,108.126.220.230
992,Winston,Camsey,wcamseyrj@jimdo.com,Male,217.55.125.255
993,Evelyn,Cranefield,ecranefieldrk@posterous.com,Female,129.41.40.227
994,Giles,Woolfoot,gwoolfootrl@google.com.br,Male,171.104.211.160
995,Webster,Blinerman,wblinermanrm@usda.gov,Male,175.97.28.95
996,Hamlin,Alen,halenrn@yahoo.com,Male,87.214.89.192
997,Domini,Arundel,darundelro@feedburner.com,Female,60.103.67.49
998,Laney,Grigoliis,lgrigoliisrp@businessinsider.com,Male,154.43.149.239
999,Hillery,Varley,hvarleyrq@indiegogo.com,Male,87.186.100.255
1000,Ursola,Goom,ugoomrr@icq.com,Female,240.189.54.175
